<?xml version="1.0" encoding="UTF-8"?>
<project-private xmlns="http://www.netbeans.org/ns/project-private/1">
    <editor-bookmarks xmlns="http://www.netbeans.org/ns/editor-bookmarks/2" lastBookmarkId="0"/>
    <open-files xmlns="http://www.netbeans.org/ns/projectui-open-files/2">
        <group>
            <file>file:/C:/wamp/www/GSBR/web/app.php</file>
            <file>file:/C:/wamp/www/GSBR/web/app_dev.php</file>
            <file>file:/C:/wamp/www/GSBR/app/config/parameters.yml</file>
        </group>
    </open-files>
</project-private>
